{"loss":{"0":0.9116640091,"1":0.8712009788,"2":0.8648043871,"3":0.8433858752,"4":0.7693292499,"5":0.7446532845,"6":0.7038628459,"7":0.679679513,"8":0.6599931717,"9":0.6239903569,"10":0.5763533115,"11":0.5854213834,"12":0.6188718677,"13":0.6034904122,"14":0.5372281075,"15":0.590731144,"16":0.5582080483,"17":0.5488597751,"18":0.5286661386,"19":0.5423429608,"20":0.5370806456,"21":0.522849679,"22":0.5049505234,"23":0.4932658672,"24":0.499268651,"25":0.5139249563,"26":0.4980887175,"27":0.4986267388,"28":0.4746025503,"29":0.454543978},"accuracy":{"0":0.5646802187,"1":0.5966569781,"2":0.6031976938,"3":0.6083086133,"4":0.6184592843,"5":0.6460756063,"6":0.6698812842,"7":0.6965875626,"8":0.6773256063,"9":0.6976743937,"10":0.737645328,"11":0.7281976938,"12":0.7114243507,"13":0.7252907157,"14":0.7558139563,"15":0.7292284966,"16":0.75,"17":0.7572674155,"18":0.76261127,"19":0.7403560877,"20":0.753709197,"21":0.7737388611,"22":0.7572674155,"23":0.7739825845,"24":0.7670623064,"25":0.7630813718,"26":0.7819767594,"27":0.78125,"28":0.7908011675,"29":0.8081395626},"val_loss":{"0":2.2206888199,"1":1.9827132225,"2":2.3330476284,"3":2.101970911,"4":1.7246524096,"5":2.0111525059,"6":1.4472988844,"7":1.5214580297,"8":0.8654721975,"9":1.2161716223,"10":1.0124771595,"11":0.6412316561,"12":1.1324248314,"13":0.462616235,"14":0.829909265,"15":0.5420050025,"16":0.5343260169,"17":0.5068129301,"18":0.9118567109,"19":0.7804250121,"20":0.4268842936,"21":0.3748780191,"22":0.8311855197,"23":0.6612638831,"24":0.5466620326,"25":0.993355751,"26":0.7529287934,"27":0.620814383,"28":0.5183737278,"29":0.3617970347},"val_accuracy":{"0":0.0,"1":0.0,"2":0.0,"3":0.0,"4":0.0,"5":0.0028409092,"6":0.164772734,"7":0.4744318128,"8":0.7159090638,"9":0.6221590638,"10":0.6534090638,"11":0.7982954383,"12":0.6079545617,"13":0.8693181872,"14":0.7272727489,"15":0.8125,"16":0.8380681872,"17":0.84375,"18":0.7272727489,"19":0.7727272511,"20":0.8778409362,"21":0.8948863745,"22":0.7414772511,"23":0.7954545617,"24":0.8352272511,"25":0.6789772511,"26":0.7926136255,"27":0.8267045617,"28":0.8494318128,"29":0.8892045617}}